N,procesos,ejecucion,tiempo_segundos,valor_estimado
10000,1,1,0.000132,3.132264
10000,1,2,0.000112,3.132264
10000,1,3,0.000131,3.132264
10000,1,4,0.000132,3.132264
10000,1,5,0.000132,3.132264
10000,2,1,0.000077,3.136463
10000,2,2,0.000091,3.136463
10000,2,3,0.000062,3.136463
10000,2,4,0.000074,3.136463
10000,2,5,0.000076,3.136463
10000,4,1,0.000042,3.140621
10000,4,2,0.000061,3.140621
10000,4,3,0.000043,3.140621
10000,4,4,0.000042,3.140621
10000,4,5,0.000045,3.140621
10000,6,1,0.000271,3.127696
10000,6,2,0.000070,3.127696
10000,6,3,0.000039,3.127696
10000,6,4,0.000069,3.127696
10000,6,5,0.000067,3.127696
1000000,1,1,0.012427,3.141201
1000000,1,2,0.012648,3.141201
1000000,1,3,0.012823,3.141201
1000000,1,4,0.012743,3.141201
1000000,1,5,0.012380,3.141201
1000000,2,1,0.006673,3.141654
1000000,2,2,0.006553,3.141654
1000000,2,3,0.006862,3.141654
1000000,2,4,0.006454,3.141654
1000000,2,5,0.006974,3.141654
1000000,4,1,0.002962,3.141335
1000000,4,2,0.002881,3.141335
1000000,4,3,0.002858,3.141335
1000000,4,4,0.002857,3.141335
1000000,4,5,0.002831,3.141335
1000000,6,1,0.003355,3.139642
1000000,6,2,0.003211,3.139642
1000000,6,3,0.003159,3.139642
1000000,6,4,0.002447,3.139642
1000000,6,5,0.002285,3.139642
100000000,1,1,1.217987,3.141495
100000000,1,2,1.159104,3.141495
100000000,1,3,1.162416,3.141495
100000000,1,4,1.163108,3.141495
100000000,1,5,1.293435,3.141495
100000000,2,1,0.628552,3.141573
100000000,2,2,0.628888,3.141573
100000000,2,3,0.614620,3.141573
100000000,2,4,0.626649,3.141573
100000000,2,5,0.616003,3.141573
100000000,4,1,0.462552,3.141539
100000000,4,2,0.451646,3.141539
100000000,4,3,0.411679,3.141539
100000000,4,4,0.398714,3.141539
100000000,4,5,0.361353,3.141539
100000000,6,1,0.348747,3.141577
100000000,6,2,0.365591,3.141577
100000000,6,3,0.371605,3.141577
100000000,6,4,0.326121,3.141577
100000000,6,5,0.337634,3.141577
1000000000,1,1,11.333700,3.141589
1000000000,1,2,11.557583,3.141589
1000000000,1,3,11.666418,3.141589
1000000000,1,4,11.757037,3.141589
1000000000,1,5,11.700290,3.141589
1000000000,2,1,6.191130,3.141568
1000000000,2,2,6.310924,3.141568
1000000000,2,3,6.234597,3.141568
1000000000,2,4,6.347510,3.141568
1000000000,2,5,6.559808,3.141568
1000000000,4,1,4.225506,3.141588
1000000000,4,2,4.157877,3.141588
1000000000,4,3,4.060056,3.141588
1000000000,4,4,3.938424,3.141588
1000000000,4,5,4.046589,3.141588
1000000000,6,1,3.403868,3.141559
1000000000,6,2,3.309132,3.141559
1000000000,6,3,3.308297,3.141559
1000000000,6,4,3.526967,3.141559
1000000000,6,5,3.320968,3.141559
