N_Simulaciones,Procesos,Integral_Estimada,Tiempo
10000,1,0.333373,0.000090
10000,1,0.333373,0.000091
10000,1,0.333373,0.000090
10000,1,0.335388,0.000092
10000,1,0.335388,0.000112
10000,1,0.335388,0.000090
10000,1,0.339232,0.000126
10000,1,0.339232,0.000089
10000,1,0.339232,0.000090
10000,1,0.330119,0.000076
10000,2,0.331205,0.000059
10000,2,0.331205,0.000050
10000,2,0.331080,0.000050
10000,2,0.331080,0.000059
10000,2,0.331289,0.000075
10000,2,0.331289,0.000253
10000,2,0.331289,0.000058
10000,2,0.328846,0.000059
10000,2,0.328846,0.000088
10000,2,0.328846,0.000057
10000,3,0.333125,0.000048
10000,3,0.333125,0.000057
10000,3,0.335475,0.000054
10000,3,0.336388,0.000090
10000,3,0.336388,0.000132
10000,3,0.334016,0.000047
10000,3,0.334016,0.000041
10000,3,0.334016,0.000059
10000,3,0.328537,0.000048
10000,3,0.328537,0.000048
10000,4,0.331175,0.000066
10000,4,0.328838,0.000036
10000,4,0.328838,0.000070
10000,4,0.328838,0.000040
10000,4,0.328058,0.000150
10000,4,0.328058,0.000227
10000,4,0.331717,0.000234
10000,4,0.331717,0.000056
10000,4,0.331717,0.000205
10000,4,0.335524,0.000208
10000,5,0.332632,0.000099
10000,5,0.332632,0.000178
10000,5,0.331982,0.000050
10000,5,0.331982,0.000037
10000,5,0.332982,0.000078
10000,5,0.332982,0.000112
10000,5,0.332982,0.000120
10000,5,0.333205,0.000208
10000,5,0.333205,0.000336
10000,5,0.329594,0.000076
10000,6,0.329693,0.000087
10000,6,0.329693,0.000301
10000,6,0.329210,0.000241
10000,6,0.329210,0.000186
10000,6,0.331178,0.000157
10000,6,0.331178,0.000155
10000,6,0.331178,0.000100
10000,6,0.331277,0.000173
10000,6,0.331277,0.000184
10000,6,0.333250,0.000191
1000000,1,0.333514,0.008462
1000000,1,0.333514,0.008730
1000000,1,0.333310,0.008897
1000000,1,0.333310,0.008812
1000000,1,0.333310,0.009394
1000000,1,0.333844,0.009451
1000000,1,0.333844,0.008762
1000000,1,0.333844,0.008952
1000000,1,0.333525,0.009262
1000000,1,0.333525,0.008722
1000000,2,0.333543,0.004634
1000000,2,0.333231,0.004334
1000000,2,0.333231,0.003822
1000000,2,0.333231,0.004556
1000000,2,0.333174,0.004567
1000000,2,0.333174,0.004663
1000000,2,0.333309,0.004864
1000000,2,0.333309,0.004652
1000000,2,0.333309,0.004398
1000000,2,0.332815,0.004379
1000000,3,0.332828,0.002817
1000000,3,0.332828,0.002788
1000000,3,0.332588,0.002994
1000000,3,0.332588,0.002979
1000000,3,0.332588,0.002940
1000000,3,0.333249,0.002955
1000000,3,0.333249,0.004370
1000000,3,0.333249,0.002958
1000000,3,0.332922,0.004513
1000000,3,0.332922,0.003055
1000000,4,0.333455,0.002243
1000000,4,0.333455,0.002338
1000000,4,0.333455,0.002286
1000000,4,0.333231,0.002477
1000000,4,0.333231,0.002475
1000000,4,0.333231,0.002541
1000000,4,0.333356,0.002598
1000000,4,0.333356,0.002395
1000000,4,0.333080,0.002342
1000000,4,0.333080,0.002316
1000000,5,0.333140,0.001988
1000000,5,0.333392,0.002102
1000000,5,0.333392,0.001987
1000000,5,0.333416,0.003142
1000000,5,0.333416,0.002267
1000000,5,0.333416,0.002043
1000000,5,0.333563,0.002523
1000000,5,0.333563,0.002153
1000000,5,0.333563,0.002139
1000000,5,0.333848,0.002041
1000000,6,0.333727,0.002632
1000000,6,0.333397,0.003453
1000000,6,0.333397,0.003171
1000000,6,0.333397,0.001907
1000000,6,0.333151,0.002028
1000000,6,0.333151,0.002636
1000000,6,0.333151,0.002976
1000000,6,0.333446,0.001883
1000000,6,0.333446,0.002676
1000000,6,0.333200,0.002946
100000000,1,0.333357,0.868409
100000000,1,0.333306,0.849306
100000000,1,0.333300,0.878879
100000000,1,0.333371,0.850796
100000000,1,0.333308,0.932942
100000000,1,0.333399,0.896755
100000000,1,0.333348,0.835305
100000000,1,0.333307,0.864461
100000000,1,0.333341,0.822508
100000000,1,0.333327,0.846101
100000000,2,0.333334,0.570914
100000000,2,0.333354,0.507865
100000000,2,0.333319,0.478695
100000000,2,0.333318,0.500656
100000000,2,0.333318,0.494013
100000000,2,0.333318,0.476888
100000000,2,0.333327,0.497468
100000000,2,0.333316,0.481936
100000000,2,0.333314,0.502377
100000000,2,0.333351,0.480009
100000000,3,0.333297,0.404727
100000000,3,0.333297,0.372597
100000000,3,0.333293,0.360127
100000000,3,0.333284,0.389731
100000000,3,0.333295,0.397982
100000000,3,0.333295,0.409119
100000000,3,0.333295,0.388641
100000000,3,0.333325,0.354419
100000000,3,0.333352,0.362057
100000000,3,0.333352,0.431669
100000000,4,0.333362,0.340217
100000000,4,0.333373,0.345473
100000000,4,0.333372,0.345301
100000000,4,0.333388,0.313922
100000000,4,0.333388,0.355112
100000000,4,0.333403,0.377236
100000000,4,0.333381,0.307351
100000000,4,0.333394,0.371968
100000000,4,0.333394,0.362427
100000000,4,0.333387,0.303643
100000000,5,0.333374,0.345994
100000000,5,0.333368,0.350948
100000000,5,0.333368,0.344207
100000000,5,0.333346,0.336066
100000000,5,0.333343,0.333488
100000000,5,0.333343,0.317875
100000000,5,0.333326,0.285044
100000000,5,0.333309,0.310161
100000000,5,0.333309,0.287997
100000000,5,0.333302,0.321488
100000000,6,0.333309,0.291336
100000000,6,0.333309,0.329531
100000000,6,0.333318,0.331834
100000000,6,0.333312,0.298378
100000000,6,0.333323,0.298946
100000000,6,0.333323,0.300183
100000000,6,0.333346,0.325717
100000000,6,0.333289,0.291885
100000000,6,0.333289,0.316790
100000000,6,0.333287,0.323956
1000000000,1,0.333326,8.754828
1000000000,1,0.333345,8.791598
1000000000,1,0.333344,8.417578
1000000000,1,0.333330,8.718840
1000000000,1,0.333319,8.615066
1000000000,1,0.333328,8.563679
1000000000,1,0.333328,8.539643
1000000000,1,0.333340,8.636350
1000000000,1,0.333330,9.159500
1000000000,1,0.333320,8.628141
1000000000,2,0.333341,5.153413
1000000000,2,0.333327,5.116564
1000000000,2,0.333333,5.192057
1000000000,2,0.333319,5.555039
1000000000,2,0.333321,5.139856
1000000000,2,0.333335,5.096503
1000000000,2,0.333330,4.865679
1000000000,2,0.333327,5.097917
1000000000,2,0.333333,5.110499
1000000000,2,0.333344,5.256108
1000000000,3,0.333328,4.245764
1000000000,3,0.333333,4.089274
1000000000,3,0.333334,4.522962
1000000000,3,0.333332,4.035875
1000000000,3,0.333334,4.319185
1000000000,3,0.333342,4.192603
1000000000,3,0.333342,4.382810
1000000000,3,0.333315,4.334892
1000000000,3,0.333337,4.722185
1000000000,3,0.333340,4.421679
1000000000,4,0.333340,3.920320
1000000000,4,0.333310,3.696751
1000000000,4,0.333324,3.650280
1000000000,4,0.333324,3.460317
1000000000,4,0.333343,3.401592
1000000000,4,0.333323,3.692743
1000000000,4,0.333329,3.697347
1000000000,4,0.333336,3.546427
1000000000,4,0.333328,3.433703
1000000000,4,0.333338,3.579856
1000000000,5,0.333325,3.270741
1000000000,5,0.333331,3.373115
1000000000,5,0.333343,3.151385
1000000000,5,0.333338,3.442891
1000000000,5,0.333327,3.318312
1000000000,5,0.333324,3.637271
1000000000,5,0.333333,3.455059
1000000000,5,0.333329,3.330380
1000000000,5,0.333331,3.351523
1000000000,5,0.333324,3.272213
1000000000,6,0.333333,2.896153
1000000000,6,0.333341,2.975823
1000000000,6,0.333332,3.288696
1000000000,6,0.333331,3.529508
1000000000,6,0.333327,3.301270
1000000000,6,0.333321,2.998971
1000000000,6,0.333349,2.992616
1000000000,6,0.333363,2.984376
1000000000,6,0.333341,3.022567
1000000000,6,0.333344,3.284999
